customer_id,city,signup_date,segment,loyalty_member
C00001,Medellín,2023-11-16,Nuevo,No
C00002,Barranquilla,2024-01-23,Premium,Sí
C00003,Cali,2023-07-05,Regular,Sí
C00004,Bogotá,2024-03-10,Premium,No
C00005,Bogotá,2024-05-26,Nuevo,No
C00006,Barranquilla,2023-03-05,Premium,No
C00007,Bogotá,2023-03-13,Nuevo,No
C00008,Barranquilla,2023-04-19,Regular,No
C00009,Cali,2023-07-18,Nuevo,Sí
C00010,Medellín,2023-07-05,Nuevo,No
C00011,Bogotá,2024-04-12,Regular,Sí
C00012,Bogotá,2023-06-19,Nuevo,No
C00013,Bogotá,2024-06-16,Nuevo,Sí
C00014,Medellín,2024-03-29,Nuevo,Sí
C00015,Medellín,2024-07-17,Premium,No
C00016,Medellín,2024-08-18,Nuevo,No
C00017,Bucaramanga,2023-02-12,Nuevo,No
C00018,Cali,2024-02-14,Premium,No
C00019,Medellín,2024-06-04,Regular,No
C00020,Bucaramanga,2023-01-20,Regular,Sí
C00021,Bogotá,2023-04-09,Premium,Sí
C00022,Bogotá,2023-06-28,Nuevo,No
C00023,Medellín,2023-05-04,Regular,No
C00024,Bogotá,2024-04-26,Regular,Sí
C00025,Bogotá,2023-03-21,Regular,No
C00026,Medellín,2024-07-08,Regular,No
C00027,Medellín,2023-08-03,Nuevo,No
C00028,Barranquilla,2023-12-23,Nuevo,No
C00029,Medellín,2023-09-03,Regular,No
C00030,Medellín,2023-07-29,Regular,Sí
C00031,Medellín,2024-06-02,Nuevo,No
C00032,Bogotá,2023-08-02,Nuevo,No
C00033,Bogotá,2024-08-09,Regular,Sí
C00034,Bogotá,2024-01-16,Nuevo,No
C00035,Cali,2023-08-04,Regular,Sí
C00036,Bogotá,2024-06-02,Nuevo,No
C00037,Bogotá,2023-06-16,Regular,No
C00038,Bogotá,2023-07-24,Nuevo,No
C00039,Barranquilla,2024-06-17,Regular,No
C00040,Bogotá,2023-04-25,Nuevo,No
C00041,Bogotá,2024-06-14,Regular,Sí
C00042,Barranquilla,2023-01-02,Regular,Sí
C00043,Medellín,2023-01-06,Nuevo,Sí
C00044,Barranquilla,2023-03-24,Premium,No
C00045,Medellín,2024-01-05,Regular,No
C00046,Cali,2024-05-25,Nuevo,Sí
C00047,Bogotá,2024-05-22,Premium,Sí
C00048,Medellín,2024-01-10,Nuevo,No
C00049,Medellín,2024-01-20,Premium,No
C00050,Barranquilla,2024-08-17,Nuevo,No
C00051,Bogotá,2024-07-23,Premium,No
C00052,Medellín,2023-02-11,Nuevo,No
C00053,Bogotá,2023-12-03,Regular,No
C00054,Bogotá,2023-08-08,Nuevo,No
C00055,Bogotá,2023-03-22,Regular,No
C00056,Bogotá,2024-04-22,Regular,Sí
C00057,Barranquilla,2023-11-22,Nuevo,Sí
C00058,Bogotá,2024-02-01,Nuevo,No
C00059,Bucaramanga,2023-11-06,Nuevo,No
C00060,Medellín,2023-02-10,Regular,Sí
C00061,Medellín,2024-06-04,Nuevo,No
C00062,Medellín,2023-08-29,Regular,Sí
C00063,CALI,2023-05-12,Nuevo,No
C00064,Bogotá,2024-01-18,Nuevo,No
C00065,Medellín,2023-07-02,Premium,Sí
C00066,Bogotá,2024-02-17,Regular,Sí
C00067,Medellín,2023-11-03,Regular,Sí
C00068,Bogotá,2023-09-29,Regular,Sí
C00069,Bucaramanga,2023-03-01,Regular,No
C00070,Bogotá,2023-04-23,Nuevo,Sí
C00071,CALI,2024-06-02,Nuevo,Sí
C00072,Bogotá,2024-08-02,Regular,No
C00073,BARRANQUILLA,2023-11-28,Nuevo,No
C00074,Cali,2023-10-07,Nuevo,No
C00075,Bogotá,2023-04-18,Premium,No
C00076,Barranquilla,2024-03-06,Regular,No
C00077,Bucaramanga,2024-01-24,Regular,Sí
C00078,Barranquilla,2023-11-17,Nuevo,No
C00079,Medellín,2023-06-11,Regular,No
C00080,Bogotá,2023-02-18,Regular,Sí
C00081,Bogotá,2024-08-04,Nuevo,No
C00082,Bucaramanga,2023-05-23,Premium,Sí
C00083,Medellín,2024-01-27,Premium,Sí
C00084,Bogotá,2023-02-07,Premium,Sí
C00085,Barranquilla,2024-02-14,Regular,No
C00086,Medellín,2023-04-25,Regular,No
C00087,Medellín,2024-02-24,Nuevo,No
C00088,Bogotá,2023-05-01,Regular,No
C00089,Medellín,2023-10-25,Nuevo,No
C00090,Bogotá,2023-09-06,Regular,No
C00091,Bogotá,2023-11-04,Nuevo,Sí
C00092,Barranquilla,2023-07-13,Nuevo,No
C00093,,2023-07-22,Regular,No
C00094,Medellín,2023-08-06,Nuevo,No
C00095,BOGOTÁ,2024-01-18,Regular,Sí
C00096,Cali,2024-05-05,Regular,No
C00097,Bogotá,2023-08-08,Regular,Sí
C00098,Bogotá,2023-01-13,Regular,No
C00099,Bogotá,2023-04-27,Regular,No
C00100,Bogotá,2023-03-04,Regular,No
C00101,Bucaramanga,2024-01-13,Premium,Sí
C00102,CALI,2024-04-29,Premium,Sí
C00103,Medellín,2023-05-08,Nuevo,No
C00104,MEDELLÍN,2023-11-17,Nuevo,No
C00105,Barranquilla,2023-10-14,Nuevo,Sí
C00106,Bogotá,2023-09-21,Nuevo,No
C00107,MEDELLÍN,2024-06-15,Nuevo,Sí
C00108,Cali,2023-06-10,Premium,No
C00109,Bogotá,2024-01-10,Nuevo,Sí
C00110,Medellín,2023-11-22,Nuevo,No
C00111,Cali,2024-06-09,Regular,No
C00112,Barranquilla,2023-05-13,Nuevo,No
C00113,Bogotá,2024-07-14,Nuevo,Sí
C00114,Bucaramanga,2024-05-30,Premium,Sí
C00115,Bogotá,2023-09-27,Regular,Sí
C00116,Cali,2024-05-09,Regular,Sí
C00117,Barranquilla,2024-01-24,Nuevo,Sí
C00118,Bogotá,2023-07-13,Nuevo,Sí
C00119,Medellín,2024-05-26,Premium,No
C00120,Barranquilla,2023-01-15,Regular,No
C00121,Bogotá,2023-03-25,Nuevo,No
C00122,Medellín,2024-06-16,Regular,No
C00123,Cali,2024-04-20,Nuevo,No
C00124,Medellín,2023-06-29,Regular,No
C00125,Cali,2024-08-14,Nuevo,No
C00126,Bogotá,2024-01-30,Nuevo,No
C00127,Bogotá,2023-05-26,Nuevo,Sí
C00128,Bogotá,2024-05-29,Nuevo,No
C00129,BOGOTÁ,2024-08-18,Premium,Sí
C00130,Bogotá,2024-04-24,Premium,No
C00131,Bucaramanga,2024-01-10,Regular,Sí
C00132,Medellín,2024-06-01,Regular,No
C00133,Bogotá,2024-04-28,Nuevo,Sí
C00134,Bogotá,2023-10-21,Nuevo,No
C00135,Bucaramanga,2024-03-31,Premium,Sí
C00136,Medellín,2024-05-20,Premium,No
C00137,Bucaramanga,2023-01-20,Regular,No
C00138,Medellín,2023-10-04,Regular,Sí
C00139,Medellín,2024-07-15,Premium,No
C00140,Barranquilla,2023-06-08,Premium,Sí
C00141,Cali,2024-01-04,Nuevo,Sí
C00142,Medellín,2023-10-16,Regular,Sí
C00143,MEDELLÍN,2023-12-18,Nuevo,Sí
C00144,Barranquilla,2023-07-21,Regular,No
C00145,MEDELLÍN,2024-01-18,Regular,Sí
C00146,Bucaramanga,2024-04-05,Nuevo,Sí
C00147,Bogotá,2024-03-18,Nuevo,Sí
C00148,Medellín,2024-05-14,Regular,No
C00149,Medellín,2023-06-01,Regular,No
C00150,Bucaramanga,2023-03-26,Regular,No
C00151,Bogotá,2023-11-22,Nuevo,No
C00152,Barranquilla,2023-04-09,Nuevo,No
C00153,Cali,2024-01-12,Regular,No
C00154,Cali,2023-08-19,Premium,No
C00155,Medellín,2024-03-07,Regular,Sí
C00156,Bucaramanga,2023-10-05,Nuevo,No
C00157,Bogotá,2023-12-04,Regular,No
C00158,Bogotá,2024-07-27,Premium,No
C00159,Bogotá,2024-01-12,Premium,No
C00160,Bogotá,2024-07-19,Premium,No
C00161,Bogotá,2023-05-26,Regular,Sí
C00162,Barranquilla,2024-08-03,Nuevo,Sí
C00163,Barranquilla,2023-05-09,Premium,No
C00164,Bogotá,2024-03-13,Regular,No
C00165,Medellín,2023-01-28,Premium,Sí
C00166,Medellín,2024-02-11,Nuevo,Sí
C00167,Medellín,2024-06-12,Nuevo,Sí
C00168,Cali,2023-06-12,Nuevo,No
C00169,Bogotá,2023-04-05,Premium,Sí
C00170,Bucaramanga,2023-08-12,Premium,No
C00171,Medellín,2023-02-10,Nuevo,No
C00172,Medellín,2023-01-02,Premium,Sí
C00173,Medellín,2023-09-14,Nuevo,No
C00174,Bogotá,2024-05-14,Regular,Sí
C00175,Bogotá,2023-08-30,Regular,No
C00176,Medellín,2023-06-15,Nuevo,No
C00177,Cali,2023-05-15,Nuevo,Sí
C00178,Barranquilla,2023-02-17,Nuevo,No
C00179,Cali,2023-08-25,Nuevo,Sí
C00180,Bogotá,2023-07-09,Regular,No
C00181,Barranquilla,2023-09-27,Nuevo,Sí
C00182,Barranquilla,2023-07-13,Regular,No
C00183,Barranquilla,2023-12-21,Nuevo,Sí
C00184,Medellín,2024-03-10,Regular,Sí
C00185,Barranquilla,2023-01-08,Regular,No
C00186,Bogotá,2023-01-04,Nuevo,No
C00187,Bogotá,2023-06-16,Regular,Sí
C00188,Bogotá,2023-05-19,Regular,No
C00189,Bogotá,2023-02-23,Regular,No
C00190,Bogotá,2024-06-21,Premium,Sí
C00191,Bogotá,2023-02-22,Regular,Sí
C00192,Medellín,2024-05-27,Nuevo,No
C00193,Bogotá,2023-02-09,Regular,Sí
C00194,Medellín,2024-01-13,Regular,Sí
C00195,Bogotá,2023-08-18,Regular,No
C00196,Cali,2023-12-02,Nuevo,No
C00197,Bogotá,2023-11-10,Regular,No
C00198,Bogotá,2023-05-14,Regular,No
C00199,Bucaramanga,2023-03-03,Regular,Sí
C00200,Medellín,2024-06-09,Regular,Sí
C00201,Barranquilla,2024-03-13,Nuevo,Sí
C00202,Cali,2024-04-01,Regular,No
C00203,Medellín,2024-01-06,Regular,No
C00204,Bogotá,2023-11-04,Regular,Sí
C00205,Medellín,2024-05-25,Premium,No
C00206,Bogotá,2023-04-07,Regular,No
C00207,Barranquilla,2023-12-30,Premium,Sí
C00208,Bucaramanga,2023-05-10,Premium,No
C00209,Barranquilla,2024-01-26,Regular,No
C00210,Bogotá,2023-08-16,Nuevo,Sí
C00211,Bogotá,2023-09-14,Regular,No
C00212,Bogotá,2023-07-18,Nuevo,No
C00213,Bogotá,2023-12-24,Regular,Sí
C00214,Medellín,2023-02-06,Premium,No
C00215,Cali,2024-04-08,Nuevo,No
C00216,Bogotá,2023-09-01,Regular,No
C00217,Barranquilla,2024-08-11,Regular,Sí
C00218,Cali,2023-09-27,Nuevo,Sí
C00219,Bogotá,2023-03-15,Premium,Sí
C00220,Cali,2023-06-22,Regular,No
C00221,Barranquilla,2023-10-03,Nuevo,No
C00222,Bogotá,2023-08-19,Nuevo,Sí
C00223,Medellín,2023-06-08,Regular,No
C00224,Medellín,2023-07-19,Nuevo,Sí
C00225,Medellín,2024-03-15,Regular,No
C00226,Bogotá,2023-08-15,Nuevo,No
C00227,Cali,2023-04-04,Regular,No
C00228,Medellín,2024-01-07,Nuevo,No
C00229,Barranquilla,2024-03-19,Regular,Sí
C00230,Barranquilla,2023-10-26,Regular,No
C00231,Bogotá,2024-03-10,Regular,No
C00232,,2023-04-29,Nuevo,No
C00233,Barranquilla,2023-03-28,Nuevo,No
C00234,,2024-04-22,Premium,Sí
C00235,Bogotá,2024-04-18,Premium,Sí
C00236,Bogotá,2023-11-04,Regular,Sí
C00237,Cali,2023-10-19,Premium,Sí
C00238,Bogotá,2023-10-03,Regular,Sí
C00239,Medellín,2023-05-13,Regular,Sí
C00240,Bucaramanga,2024-03-04,Regular,No
C00241,Bogotá,2023-08-18,Nuevo,No
C00242,Bogotá,2024-03-27,Regular,No
C00243,Medellín,2023-09-23,Nuevo,Sí
C00244,Cali,2024-05-24,Regular,No
C00245,Bogotá,2024-05-23,Regular,No
C00246,Bogotá,2024-05-01,Nuevo,Sí
C00247,Bogotá,2023-06-11,Nuevo,No
C00248,Cali,2024-02-06,Nuevo,Sí
C00249,Barranquilla,2024-03-28,Regular,No
C00250,Bogotá,2024-03-08,Regular,Sí
C00251,Bogotá,2024-06-11,Regular,No
C00252,Medellín,2023-04-05,Regular,Sí
C00253,Bogotá,2024-01-30,Regular,No
C00254,Bogotá,2024-02-24,Nuevo,No
C00255,Bogotá,2023-08-03,Nuevo,Sí
C00256,Medellín,2023-06-02,Regular,No
C00257,Bogotá,2023-12-06,Premium,Sí
C00258,Cali,2023-06-04,Nuevo,Sí
C00259,Medellín,2023-12-19,Nuevo,No
C00260,Bogotá,2023-03-14,Premium,No
C00261,Bogotá,2023-08-26,Premium,No
C00262,,2023-08-27,Regular,Sí
C00263,Bogotá,2024-03-16,Regular,Sí
C00264,Bogotá,2023-01-12,Regular,No
C00265,Bogotá,2023-08-07,Premium,No
C00266,Bogotá,2024-01-30,Nuevo,No
C00267,Barranquilla,2023-10-26,Regular,Sí
C00268,Bogotá,2024-03-24,Regular,Sí
C00269,Bogotá,2024-06-05,Nuevo,No
C00270,Barranquilla,2024-04-10,Regular,No
C00271,MEDELLÍN,2023-07-20,Nuevo,Sí
C00272,Bogotá,2023-03-19,Regular,Sí
C00273,Medellín,2023-02-22,Regular,No
C00274,Barranquilla,2024-01-20,Regular,Sí
C00275,Bogotá,2023-03-17,Premium,No
C00276,Cali,2024-05-17,Regular,No
C00277,Bogotá,2023-12-14,Regular,No
C00278,Cali,2023-01-22,Nuevo,No
C00279,,2024-04-19,Nuevo,No
C00280,Barranquilla,2023-04-27,Regular,Sí
C00281,Cali,2024-08-18,Premium,No
C00282,Bogotá,2023-06-10,Regular,No
C00283,Bogotá,2023-11-27,Premium,Sí
C00284,Medellín,2023-10-05,Nuevo,Sí
C00285,Cali,2023-07-31,Premium,Sí
C00286,Bogotá,2023-04-14,Premium,Sí
C00287,Bogotá,2023-02-06,Regular,No
C00288,Medellín,2023-11-20,Regular,No
C00289,Cali,2024-08-12,Regular,Sí
C00290,Barranquilla,2023-07-26,Nuevo,No
C00291,Bogotá,2023-06-30,Regular,No
C00292,Bogotá,2024-01-29,Regular,No
C00293,Cali,2024-08-22,Regular,Sí
C00294,Medellín,2023-11-15,Nuevo,No
C00295,Cali,2024-08-04,Nuevo,No
C00296,Bucaramanga,2024-02-16,Nuevo,No
C00297,Bucaramanga,2024-04-23,Regular,No
C00298,Barranquilla,2023-05-28,Nuevo,No
C00299,Cali,2023-11-28,Nuevo,No
C00300,Bogotá,2024-02-29,Nuevo,No
C00301,Medellín,2023-08-06,Regular,Sí
C00302,Bogotá,2024-03-16,Regular,Sí
C00303,Cali,2023-08-21,Premium,Sí
C00304,Cali,2024-03-09,Premium,No
C00305,Cali,2023-09-30,Premium,Sí
C00306,Medellín,2023-02-11,Premium,Sí
C00307,Bogotá,2023-02-28,Regular,No
C00308,Medellín,2024-07-21,Nuevo,No
C00309,Bogotá,2024-01-18,Premium,No
C00310,Barranquilla,2023-12-13,Nuevo,Sí
C00311,Medellín,2024-04-07,Regular,Sí
C00312,Bogotá,2023-06-13,Nuevo,Sí
C00313,Medellín,2023-08-08,Regular,No
C00314,Cali,2023-09-18,Nuevo,Sí
C00315,Bogotá,2024-01-30,Regular,No
C00316,Barranquilla,2023-11-07,Nuevo,No
C00317,Barranquilla,2023-06-13,Premium,Sí
C00318,Bogotá,2023-11-07,Regular,No
C00319,Bogotá,2023-08-13,Regular,Sí
C00320,Cali,2023-05-29,Nuevo,No
C00321,Bucaramanga,2023-04-26,Nuevo,No
C00322,Bogotá,2023-06-08,Premium,No
C00323,Cali,2023-11-20,Regular,No
C00324,Barranquilla,2023-08-07,Regular,No
C00325,Bucaramanga,2023-09-11,Premium,Sí
C00326,Bogotá,2024-04-13,Regular,Sí
C00327,Bogotá,2024-02-21,Nuevo,No
C00328,Bucaramanga,2023-09-20,Regular,No
C00329,Bogotá,2023-12-12,Nuevo,No
C00330,Bogotá,2023-01-24,Regular,No
C00331,Medellín,2023-09-03,Regular,Sí
C00332,Medellín,2023-09-29,Regular,No
C00333,Cali,2023-06-28,Premium,Sí
C00334,Bogotá,2023-05-01,Regular,No
C00335,Barranquilla,2024-03-20,Regular,Sí
C00336,Bogotá,2023-01-08,Regular,Sí
C00337,Cali,2024-08-09,Premium,Sí
C00338,Bogotá,2024-08-09,Regular,Sí
C00339,Medellín,2024-01-11,Regular,No
C00340,Bogotá,2023-06-26,Premium,Sí
C00341,Bogotá,2023-06-26,Regular,Sí
C00342,Bogotá,2023-11-19,Nuevo,No
C00343,Cali,2024-02-06,Nuevo,No
C00344,Medellín,2023-08-03,Regular,Sí
C00345,Bogotá,2023-09-22,Nuevo,No
C00346,Bucaramanga,2023-02-02,Regular,Sí
C00347,Barranquilla,2024-06-15,Regular,Sí
C00348,Barranquilla,2024-06-24,Nuevo,No
C00349,Bogotá,2023-06-07,Nuevo,Sí
C00350,Bogotá,2024-07-15,Nuevo,No
C00351,Bogotá,2024-05-23,Regular,Sí
C00352,Bogotá,2023-04-22,Nuevo,No
C00353,BOGOTÁ,2023-04-02,Regular,No
C00354,Medellín,2023-09-08,Premium,No
C00355,Bogotá,2024-02-20,Regular,No
C00356,Bogotá,2023-08-13,Regular,Sí
C00357,Barranquilla,2024-03-15,Regular,Sí
C00358,Medellín,2023-04-11,Premium,Sí
C00359,BOGOTÁ,2024-07-09,Nuevo,No
C00360,Cali,2024-02-01,Nuevo,Sí
C00361,Bogotá,2023-05-31,Premium,Sí
C00362,Medellín,2024-04-14,Regular,No
C00363,Bogotá,2023-09-04,Premium,No
C00364,Medellín,2024-03-31,Nuevo,No
C00365,Medellín,2024-02-26,Nuevo,Sí
C00366,Medellín,2024-02-10,Premium,Sí
C00367,Bogotá,2023-03-14,Regular,No
C00368,Cali,2023-01-11,Regular,Sí
C00369,Barranquilla,2024-02-24,Premium,Sí
C00370,Bogotá,2023-05-18,Nuevo,No
C00371,Bogotá,2023-02-10,Premium,Sí
C00372,Bogotá,2023-11-05,Nuevo,No
C00373,Bucaramanga,2024-07-14,Nuevo,Sí
C00374,Bucaramanga,2024-02-26,Nuevo,No
C00375,Bogotá,2023-06-30,Regular,No
C00376,Bucaramanga,2023-08-20,Regular,No
C00377,Bogotá,2024-02-23,Premium,No
C00378,Medellín,2023-09-27,Nuevo,Sí
C00379,Medellín,2023-12-02,Nuevo,No
C00380,Barranquilla,2024-05-19,Nuevo,No
C00381,Bogotá,2023-02-04,Regular,Sí
C00382,Bogotá,2023-01-15,Regular,No
C00383,Medellín,2024-06-18,Regular,No
C00384,Bogotá,2023-06-11,Regular,No
C00385,Bogotá,2024-05-08,Regular,No
C00386,Medellín,2023-06-23,Nuevo,No
C00387,Barranquilla,2024-05-23,Nuevo,No
C00388,Cali,2024-08-18,Premium,No
C00389,Barranquilla,2024-07-06,Nuevo,No
C00390,Cali,2023-05-17,Premium,No
C00391,Cali,2023-11-07,Regular,No
C00392,Barranquilla,2023-01-29,Nuevo,Sí
C00393,Cali,2023-06-10,Nuevo,Sí
C00394,Cali,2023-09-07,Nuevo,Sí
C00395,Bogotá,2023-01-22,Nuevo,Sí
C00396,Bogotá,2024-01-25,Regular,Sí
C00397,Cali,2023-04-26,Regular,No
C00398,Bogotá,2023-04-03,Regular,No
C00399,Barranquilla,2024-01-26,Regular,No
C00400,Medellín,2024-05-18,Nuevo,No
C00401,Bogotá,2024-08-21,Nuevo,No
C00402,Bucaramanga,2023-04-28,Premium,Sí
C00403,Bogotá,2024-04-10,Nuevo,No
C00404,Medellín,2024-02-27,Regular,Sí
C00405,Bogotá,2024-05-02,Regular,Sí
C00406,Bucaramanga,2023-04-08,Regular,No
C00407,Medellín,2023-10-15,Nuevo,Sí
C00408,Barranquilla,2024-06-13,Nuevo,No
C00409,Bogotá,2023-12-11,Regular,No
C00410,Barranquilla,2023-05-01,Premium,No
C00411,Cali,2023-01-01,Nuevo,Sí
C00412,MEDELLÍN,2024-03-14,Nuevo,Sí
C00413,BUCARAMANGA,2023-02-10,Nuevo,No
C00414,Medellín,2024-05-18,Premium,Sí
C00415,MEDELLÍN,2024-01-30,Nuevo,Sí
C00416,Cali,2023-06-02,Nuevo,No
C00417,Barranquilla,2023-05-08,Regular,Sí
C00418,Bogotá,2023-02-25,Regular,No
C00419,Cali,2023-07-23,Regular,No
C00420,Bogotá,2023-12-18,Nuevo,No
C00421,Medellín,2023-07-03,Regular,No
C00422,Cali,2023-10-27,Nuevo,No
C00423,,2024-01-13,Nuevo,Sí
C00424,Cali,2023-10-15,Premium,No
C00425,Bogotá,2023-05-30,Regular,Sí
C00426,Bucaramanga,2024-04-13,Nuevo,Sí
C00427,Medellín,2024-03-06,Premium,Sí
C00428,Medellín,2023-10-05,Premium,Sí
C00429,Cali,2023-04-19,Regular,Sí
C00430,Medellín,2023-10-26,Nuevo,Sí
C00431,Cali,2023-08-05,Nuevo,No
C00432,Bogotá,2023-10-20,Regular,Sí
C00433,Medellín,2023-03-17,Regular,Sí
C00434,Medellín,2023-09-30,Premium,No
C00435,Bucaramanga,2023-01-31,Premium,Sí
C00436,Bogotá,2023-09-01,Premium,No
C00437,Medellín,2024-02-24,Nuevo,Sí
C00438,Medellín,2023-04-07,Regular,No
C00439,Medellín,2023-03-18,Nuevo,Sí
C00440,Bogotá,2023-06-27,Regular,No
C00441,Medellín,2024-06-27,Nuevo,No
C00442,Bogotá,2023-06-08,Nuevo,Sí
C00443,Bogotá,2024-07-19,Nuevo,No
C00444,Barranquilla,2023-05-29,Nuevo,No
C00445,Bogotá,2023-02-04,Nuevo,Sí
C00446,MEDELLÍN,2024-04-14,Regular,Sí
C00447,Cali,2023-03-13,Nuevo,No
C00448,Cali,2023-03-10,Nuevo,Sí
C00449,Medellín,2023-11-17,Regular,No
C00450,Barranquilla,2023-05-04,Regular,No
C00451,Medellín,2023-12-29,Regular,No
C00452,Medellín,2023-11-12,Regular,Sí
C00453,Barranquilla,2024-03-04,Regular,No
C00454,Cali,2023-07-07,Regular,No
C00455,Medellín,2023-06-17,Regular,No
C00456,,2023-05-25,Nuevo,Sí
C00457,Medellín,2024-03-25,Nuevo,No
C00458,Bogotá,2023-08-13,Regular,No
C00459,Cali,2024-05-26,Nuevo,No
C00460,Bogotá,2023-10-29,Regular,Sí
C00461,Medellín,2024-04-21,Nuevo,No
C00462,CALI,2024-02-09,Regular,No
C00463,Medellín,2024-02-20,Regular,No
C00464,Bogotá,2024-08-06,Regular,Sí
C00465,Barranquilla,2023-09-29,Regular,No
C00466,Bogotá,2024-05-26,Nuevo,Sí
C00467,Barranquilla,2024-05-09,Regular,No
C00468,Cali,2023-09-15,Regular,No
C00469,Medellín,2024-02-22,Regular,No
C00470,Cali,2023-09-28,Premium,Sí
C00471,Bogotá,2024-02-04,Regular,No
C00472,Bogotá,2023-09-07,Premium,Sí
C00473,Barranquilla,2023-10-23,Regular,Sí
C00474,Medellín,2023-05-24,Premium,Sí
C00475,Medellín,2024-01-17,Regular,Sí
C00476,CALI,2024-07-25,Regular,No
C00477,CALI,2023-08-01,Regular,No
C00478,Medellín,2023-02-11,Nuevo,No
C00479,Medellín,2024-02-29,Regular,No
C00480,Bogotá,2023-05-03,Regular,Sí
C00481,Bogotá,2024-02-22,Nuevo,No
C00482,Bogotá,2024-02-02,Regular,No
C00483,Medellín,2024-07-23,Regular,Sí
C00484,Bucaramanga,2023-12-20,Premium,No
C00485,Bogotá,2023-03-14,Nuevo,Sí
C00486,Medellín,2023-06-17,Regular,No
C00487,Bogotá,2023-06-12,Premium,No
C00488,Medellín,2024-07-16,Regular,No
C00489,Bucaramanga,2024-05-31,Regular,No
C00490,Barranquilla,2023-09-03,Regular,Sí
C00491,Bogotá,2024-06-10,Nuevo,No
C00492,Bogotá,2023-12-24,Nuevo,Sí
C00493,Barranquilla,2023-07-08,Nuevo,No
C00494,Medellín,2023-02-24,Regular,Sí
C00495,Cali,2024-07-02,Nuevo,No
C00496,Bogotá,2024-06-18,Regular,No
C00497,Barranquilla,2024-03-23,Premium,Sí
C00498,Bogotá,2023-03-03,Nuevo,No
C00499,Medellín,2023-12-01,Nuevo,No
C00500,Bogotá,2023-08-25,Nuevo,Sí
C00501,Medellín,2024-02-14,Premium,No
C00502,Barranquilla,2024-06-15,Nuevo,No
C00503,Barranquilla,2023-11-18,Regular,Sí
C00504,Medellín,2024-07-20,Nuevo,No
C00505,Cali,2023-04-27,Nuevo,No
C00506,Medellín,2024-06-26,Nuevo,No
C00507,Bogotá,2024-06-07,Regular,No
C00508,Medellín,2024-05-11,Nuevo,No
C00509,Bogotá,2024-07-25,Premium,Sí
C00510,Bogotá,2023-05-20,Regular,Sí
C00511,Cali,2023-04-26,Nuevo,Sí
C00512,Cali,2023-01-20,Nuevo,Sí
C00513,Bogotá,2024-03-30,Regular,No
C00514,Cali,2023-09-29,Regular,No
C00515,Barranquilla,2023-06-25,Nuevo,No
C00516,MEDELLÍN,2023-02-07,Nuevo,No
C00517,Bogotá,2023-06-08,Regular,No
C00518,Cali,2024-07-30,Premium,Sí
C00519,Bogotá,2023-02-12,Regular,No
C00520,Medellín,2023-01-05,Regular,No
C00521,Bogotá,2023-05-31,Regular,Sí
C00522,Medellín,2023-07-15,Regular,Sí
C00523,Bogotá,2023-04-30,Regular,No
C00524,Medellín,2023-05-02,Regular,No
C00525,Medellín,2023-11-23,Regular,Sí
C00526,MEDELLÍN,2023-01-09,Regular,No
C00527,Bogotá,2024-08-11,Nuevo,Sí
C00528,Bucaramanga,2023-10-27,Nuevo,Sí
C00529,Bogotá,2023-08-09,Premium,Sí
C00530,Bogotá,2023-02-15,Nuevo,No
C00531,Bogotá,2023-04-28,Regular,No
C00532,Bogotá,2024-06-23,Premium,No
C00533,,2023-07-21,Regular,No
C00534,Cali,2024-02-17,Nuevo,Sí
C00535,Cali,2023-04-09,Regular,No
C00536,Bogotá,2023-08-11,Regular,Sí
C00537,Bogotá,2023-07-15,Nuevo,No
C00538,Bogotá,2024-05-19,Premium,Sí
C00539,Cali,2023-08-28,Regular,No
C00540,Medellín,2024-04-23,Nuevo,No
C00541,Bucaramanga,2024-07-07,Nuevo,No
C00542,Cali,2023-07-15,Nuevo,Sí
C00543,Medellín,2023-05-07,Regular,No
C00544,Cali,2024-05-23,Regular,Sí
C00545,Cali,2024-07-10,Nuevo,No
C00546,Bogotá,2024-07-11,Nuevo,No
C00547,Bogotá,2023-03-21,Regular,Sí
C00548,Medellín,2024-01-07,Regular,No
C00549,Medellín,2023-03-11,Regular,No
C00550,Bogotá,2023-07-31,Regular,Sí
C00551,Medellín,2023-09-02,Premium,No
C00552,Medellín,2024-06-24,Premium,Sí
C00553,Bogotá,2024-03-15,Regular,Sí
C00554,Bogotá,2024-07-19,Nuevo,No
C00555,Bogotá,2024-05-15,Nuevo,No
C00556,Bogotá,2023-07-28,Regular,No
C00557,Bucaramanga,2024-06-03,Premium,No
C00558,Bogotá,2023-02-21,Nuevo,No
C00559,,2023-05-01,Regular,Sí
C00560,Bogotá,2024-06-04,Nuevo,No
C00561,Medellín,2023-02-02,Regular,No
C00562,BOGOTÁ,2024-02-03,Nuevo,No
C00563,Medellín,2024-06-18,Nuevo,No
C00564,Bogotá,2023-05-20,Nuevo,No
C00565,Bogotá,2024-02-23,Nuevo,Sí
C00566,Cali,2023-12-07,Regular,No
C00567,Bogotá,2024-02-26,Regular,Sí
C00568,Medellín,2023-07-04,Regular,No
C00569,Medellín,2023-03-11,Regular,No
C00570,Medellín,2024-07-05,Premium,Sí
C00571,Barranquilla,2023-03-04,Nuevo,No
C00572,Bogotá,2023-07-25,Premium,Sí
C00573,Bucaramanga,2023-01-01,Nuevo,Sí
C00574,BARRANQUILLA,2023-04-28,Regular,No
C00575,Cali,2024-01-27,Regular,No
C00576,Bogotá,2023-01-26,Nuevo,No
C00577,Cali,2023-05-12,Regular,No
C00578,Medellín,2023-07-25,Regular,No
C00579,Cali,2023-07-19,Nuevo,No
C00580,Bogotá,2024-08-16,Regular,Sí
C00581,Bucaramanga,2023-04-22,Nuevo,Sí
C00582,Barranquilla,2023-05-12,Nuevo,Sí
C00583,Bogotá,2024-03-31,Regular,No
C00584,Bogotá,2023-10-02,Premium,No
C00585,Bogotá,2023-10-26,Premium,No
C00586,Barranquilla,2024-08-06,Nuevo,Sí
C00587,Barranquilla,2023-05-04,Nuevo,No
C00588,Bucaramanga,2023-01-05,Regular,No
C00589,Medellín,2024-06-12,Regular,Sí
C00590,Cali,2023-06-27,Nuevo,Sí
C00591,Cali,2023-07-12,Regular,No
C00592,Medellín,2024-05-07,Regular,No
C00593,Bucaramanga,2024-01-10,Regular,No
C00594,Medellín,2023-02-27,Regular,Sí
C00595,Bogotá,2024-06-19,Regular,No
C00596,Medellín,2024-07-10,Regular,Sí
C00597,Bogotá,2023-01-06,Premium,No
C00598,Cali,2024-05-15,Premium,No
C00599,,2023-04-16,Premium,Sí
C00600,Medellín,2023-03-27,Premium,No
C00601,Barranquilla,2024-04-03,Nuevo,No
C00602,Cali,2023-12-22,Regular,Sí
C00603,Bogotá,2023-09-20,Regular,Sí
C00604,Bogotá,2023-11-30,Nuevo,No
C00605,Bogotá,2023-05-01,Regular,Sí
C00606,Bogotá,2024-02-21,Nuevo,No
C00607,BOGOTÁ,2023-08-02,Nuevo,No
C00608,Medellín,2023-07-04,Regular,No
C00609,Bucaramanga,2023-12-02,Nuevo,No
C00610,Bogotá,2023-08-19,Regular,Sí
C00611,Barranquilla,2023-02-08,Nuevo,Sí
C00612,Cali,2023-05-25,Premium,Sí
C00613,Barranquilla,2024-08-10,Nuevo,Sí
C00614,Medellín,2023-06-25,Nuevo,Sí
C00615,Bogotá,2023-08-26,Regular,No
C00616,Cali,2023-04-16,Regular,No
C00617,Bogotá,2023-02-01,Nuevo,No
C00618,Bogotá,2024-06-26,Nuevo,Sí
C00619,Cali,2023-12-23,Regular,No
C00620,Cali,2024-06-16,Nuevo,No
C00621,Bogotá,2024-05-13,Nuevo,Sí
C00622,Bogotá,2023-08-05,Regular,Sí
C00623,Bucaramanga,2023-10-16,Regular,Sí
C00624,Bogotá,2024-02-20,Nuevo,No
C00625,Cali,2024-04-11,Regular,No
C00626,Bogotá,2023-10-22,Regular,Sí
C00627,Barranquilla,2023-01-23,Nuevo,No
C00628,Bogotá,2023-06-18,Nuevo,No
C00629,Medellín,2023-07-06,Nuevo,No
C00630,Bogotá,2023-07-29,Premium,Sí
C00631,Medellín,2023-12-20,Nuevo,No
C00632,Barranquilla,2024-08-02,Nuevo,Sí
C00633,Bogotá,2023-03-30,Nuevo,No
C00634,Bogotá,2023-07-24,Regular,No
C00635,Cali,2023-06-10,Regular,No
C00636,Medellín,2023-12-14,Nuevo,No
C00637,Bogotá,2024-05-03,Premium,Sí
C00638,Medellín,2024-07-21,Regular,Sí
C00639,Medellín,2023-11-01,Nuevo,Sí
C00640,Barranquilla,2023-06-28,Premium,Sí
C00641,Bogotá,2023-05-11,Nuevo,Sí
C00642,Cali,2024-04-30,Regular,No
C00643,Medellín,2023-01-28,Nuevo,Sí
C00644,Cali,2023-03-10,Regular,Sí
C00645,Bogotá,2023-02-06,Regular,No
C00646,Cali,2024-03-15,Premium,No
C00647,Cali,2024-05-26,Regular,No
C00648,Bogotá,2024-04-29,Regular,No
C00649,Bogotá,2023-06-14,Nuevo,Sí
C00650,Bucaramanga,2024-05-17,Regular,No
C00651,Cali,2023-01-03,Nuevo,Sí
C00652,Bogotá,2024-08-08,Premium,No
C00653,Cali,2023-12-25,Regular,Sí
C00654,Bogotá,2024-03-02,Regular,Sí
C00655,Medellín,2023-02-28,Nuevo,No
C00656,Barranquilla,2024-08-09,Regular,No
C00657,Medellín,2023-08-24,Nuevo,No
C00658,Bogotá,2023-06-17,Regular,No
C00659,Bogotá,2024-05-25,Regular,No
C00660,Bogotá,2023-11-09,Regular,Sí
C00661,,2023-03-21,Regular,Sí
C00662,Bogotá,2023-05-09,Nuevo,Sí
C00663,Bogotá,2023-08-07,Nuevo,No
C00664,Bogotá,2023-02-20,Regular,Sí
C00665,Medellín,2023-11-01,Nuevo,Sí
C00666,Bogotá,2023-09-21,Nuevo,No
C00667,Cali,2024-01-25,Regular,No
C00668,Bucaramanga,2024-03-07,Regular,Sí
C00669,Bogotá,2023-03-23,Nuevo,No
C00670,Medellín,2024-04-12,Regular,No
C00671,Medellín,2024-05-08,Premium,Sí
C00672,Bogotá,2023-01-11,Regular,No
C00673,Bogotá,2024-04-01,Premium,Sí
C00674,Barranquilla,2024-07-19,Regular,Sí
C00675,Medellín,2023-08-24,Regular,Sí
C00676,Barranquilla,2023-05-29,Regular,Sí
C00677,Bogotá,2023-11-27,Regular,Sí
C00678,Medellín,2023-06-25,Regular,Sí
C00679,Barranquilla,2023-05-06,Nuevo,No
C00680,Barranquilla,2024-05-14,Nuevo,Sí
C00681,Bogotá,2023-12-27,Nuevo,No
C00682,Medellín,2024-06-20,Nuevo,No
C00683,Bogotá,2024-03-05,Regular,Sí
C00684,Cali,2024-03-17,Regular,No
C00685,Bogotá,2024-04-16,Nuevo,No
C00686,Bogotá,2023-07-19,Regular,Sí
C00687,Barranquilla,2023-03-20,Nuevo,No
C00688,Medellín,2023-10-05,Premium,No
C00689,Medellín,2024-08-06,Regular,Sí
C00690,Bucaramanga,2024-05-15,Regular,Sí
C00691,Bogotá,2024-03-09,Regular,Sí
C00692,Bogotá,2023-08-03,Regular,No
C00693,Bogotá,2023-05-07,Nuevo,Sí
C00694,Bogotá,2024-04-28,Nuevo,No
C00695,Bogotá,2023-09-21,Regular,No
C00696,Medellín,2024-04-14,Nuevo,Sí
C00697,Bucaramanga,2023-05-07,Regular,Sí
C00698,Medellín,2023-10-09,Regular,No
C00699,Medellín,2024-04-23,Nuevo,No
C00700,Bogotá,2024-06-21,Premium,No
C00701,Medellín,2023-01-27,Regular,Sí
C00702,Cali,2023-08-19,Nuevo,No
C00703,Medellín,2023-06-10,Regular,No
C00704,Barranquilla,2024-03-25,Regular,No
C00705,Medellín,2024-04-12,Regular,No
C00706,Bogotá,2024-01-19,Regular,Sí
C00707,Medellín,2024-03-23,Premium,No
C00708,Medellín,2023-07-18,Nuevo,No
C00709,Bogotá,2023-02-04,Premium,No
C00710,Medellín,2023-11-16,Regular,Sí
C00711,Barranquilla,2023-01-13,Nuevo,Sí
C00712,Bogotá,2023-12-30,Nuevo,Sí
C00713,Medellín,2023-12-30,Nuevo,Sí
C00714,Cali,2023-11-19,Premium,Sí
C00715,MEDELLÍN,2024-05-22,Regular,Sí
C00716,Bogotá,2023-03-08,Nuevo,Sí
C00717,Bogotá,2023-09-01,Regular,Sí
C00718,Medellín,2024-08-17,Regular,No
C00719,Cali,2023-06-02,Regular,No
C00720,Medellín,2024-08-02,Nuevo,No
C00721,Bogotá,2023-01-02,Premium,Sí
C00722,Barranquilla,2023-01-23,Premium,Sí
C00723,Bucaramanga,2023-05-08,Nuevo,No
C00724,Bogotá,2024-07-20,Regular,Sí
C00725,Bogotá,2024-01-22,Nuevo,Sí
C00726,Bogotá,2023-11-15,Regular,No
C00727,Barranquilla,2023-03-15,Nuevo,Sí
C00728,Barranquilla,2023-03-17,Premium,Sí
C00729,Bogotá,2024-05-29,Nuevo,No
C00730,Bogotá,2024-05-07,Regular,No
C00731,Bogotá,2023-02-05,Regular,Sí
C00732,,2023-09-17,Nuevo,No
C00733,Bucaramanga,2023-11-24,Nuevo,No
C00734,,2024-03-03,Premium,No
C00735,Bogotá,2023-01-06,Nuevo,Sí
C00736,Medellín,2024-05-11,Nuevo,Sí
C00737,Medellín,2023-11-12,Nuevo,No
C00738,Cali,2023-11-19,Regular,Sí
C00739,Medellín,2023-08-04,Nuevo,No
C00740,Bogotá,2023-01-30,Nuevo,No
C00741,Bogotá,2024-07-12,Regular,Sí
C00742,Bucaramanga,2024-05-08,Regular,No
C00743,Cali,2024-05-12,Regular,Sí
C00744,Bogotá,2024-02-21,Regular,No
C00745,Barranquilla,2023-10-19,Nuevo,Sí
C00746,Bogotá,2024-06-30,Nuevo,Sí
C00747,Cali,2023-03-07,Regular,Sí
C00748,Bogotá,2023-06-12,Regular,No
C00749,Barranquilla,2023-09-26,Regular,Sí
C00750,Bogotá,2024-04-16,Premium,No
C00751,Medellín,2023-07-20,Nuevo,No
C00752,Cali,2024-06-07,Regular,No
C00753,Medellín,2023-07-09,Regular,No
C00754,Bogotá,2023-08-02,Premium,No
C00755,Bogotá,2023-07-12,Premium,No
C00756,Bogotá,2023-09-04,Nuevo,No
C00757,Bogotá,2024-05-03,Premium,No
C00758,Bogotá,2023-07-20,Regular,Sí
C00759,Bogotá,2023-10-20,Regular,Sí
C00760,Medellín,2023-01-04,Premium,Sí
C00761,Bogotá,2023-11-29,Regular,No
C00762,Medellín,2023-05-19,Regular,Sí
C00763,Bogotá,2023-10-23,Nuevo,No
C00764,Bogotá,2023-07-18,Regular,Sí
C00765,Bogotá,2023-08-16,Nuevo,No
C00766,Cali,2023-03-07,Nuevo,Sí
C00767,Bogotá,2023-10-04,Nuevo,No
C00768,Medellín,2024-04-04,Premium,No
C00769,Cali,2024-01-01,Regular,Sí
C00770,Medellín,2023-09-14,Regular,No
C00771,Barranquilla,2024-05-22,Nuevo,Sí
C00772,Barranquilla,2023-12-07,Nuevo,Sí
C00773,Bogotá,2024-01-04,Premium,No
C00774,Cali,2023-06-20,Nuevo,Sí
C00775,Bogotá,2024-02-16,Premium,No
C00776,Bogotá,2023-08-05,Regular,Sí
C00777,Medellín,2023-04-27,Nuevo,Sí
C00778,Medellín,2024-03-28,Regular,No
C00779,Bucaramanga,2023-12-13,Regular,No
C00780,BOGOTÁ,2023-10-09,Regular,No
C00781,Cali,2024-03-04,Regular,Sí
C00782,Medellín,2023-12-24,Regular,No
C00783,Bogotá,2024-03-31,Nuevo,No
C00784,Bucaramanga,2023-09-11,Nuevo,No
C00785,Cali,2024-08-22,Regular,Sí
C00786,Bogotá,2023-12-01,Nuevo,No
C00787,Barranquilla,2023-10-10,Regular,No
C00788,Bogotá,2024-06-22,Regular,Sí
C00789,,2024-08-22,Regular,Sí
C00790,Bogotá,2023-06-10,Nuevo,Sí
C00791,Bucaramanga,2023-05-20,Nuevo,No
C00792,Bogotá,2023-11-08,Regular,No
C00793,Barranquilla,2023-02-12,Nuevo,No
C00794,Medellín,2024-02-17,Regular,No
C00795,Bogotá,2024-02-11,Regular,No
C00796,Medellín,2023-02-22,Nuevo,No
C00797,Medellín,2023-06-11,Nuevo,Sí
C00798,Medellín,2024-07-31,Regular,Sí
C00799,Cali,2023-04-19,Regular,Sí
C00800,CALI,2023-10-27,Regular,No
C00801,Bucaramanga,2024-02-13,Premium,No
C00802,Bogotá,2023-05-28,Regular,No
C00803,Barranquilla,2023-07-23,Regular,No
C00804,Medellín,2024-04-01,Regular,No
C00805,Cali,2023-09-12,Regular,No
C00806,Barranquilla,2024-05-04,Nuevo,No
C00807,Bucaramanga,2023-02-05,Nuevo,No
C00808,Bogotá,2024-01-14,Regular,No
C00809,Medellín,2023-07-24,Premium,No
C00810,Bucaramanga,2024-07-03,Regular,No
C00811,Bucaramanga,2023-09-21,Nuevo,No
C00812,Bogotá,2023-02-23,Premium,No
C00813,Bucaramanga,2024-05-16,Regular,Sí
C00814,Medellín,2023-11-13,Nuevo,No
C00815,Bogotá,2023-02-05,Regular,No
C00816,Cali,2024-03-21,Nuevo,No
C00817,Medellín,2023-12-17,Nuevo,No
C00818,Medellín,2024-07-04,Regular,No
C00819,Bogotá,2024-02-26,Regular,No
C00820,Medellín,2024-01-20,Premium,No
C00821,Bogotá,2023-05-13,Nuevo,No
C00822,Bogotá,2023-12-28,Premium,No
C00823,Cali,2023-04-13,Regular,No
C00824,Medellín,2023-08-21,Nuevo,No
C00825,Cali,2023-09-17,Regular,No
C00826,Barranquilla,2023-12-09,Regular,No
C00827,Bogotá,2023-05-06,Nuevo,No
C00828,Bogotá,2023-11-29,Nuevo,No
C00829,Bogotá,2023-07-14,Regular,No
C00830,Bogotá,2024-06-27,Nuevo,No
C00831,Cali,2024-08-17,Regular,No
C00832,Bogotá,2024-05-11,Regular,No
C00833,Bogotá,2023-05-22,Premium,No
C00834,Medellín,2024-03-18,Regular,No
C00835,Bogotá,2024-08-12,Regular,No
C00836,Bogotá,2024-07-08,Premium,No
C00837,Cali,2024-06-07,Nuevo,Sí
C00838,Cali,2023-02-09,Regular,Sí
C00839,Bogotá,2023-04-01,Nuevo,No
C00840,Medellín,2024-04-06,Regular,Sí
C00841,Bogotá,2023-07-04,Regular,No
C00842,Medellín,2023-10-06,Regular,No
C00843,Medellín,2023-10-17,Regular,No
C00844,Bogotá,2024-03-27,Nuevo,Sí
C00845,Bogotá,2024-03-20,Regular,No
C00846,MEDELLÍN,2023-06-27,Premium,No
C00847,Medellín,2024-04-19,Nuevo,No
C00848,Bogotá,2023-10-08,Nuevo,No
C00849,Cali,2023-12-17,Nuevo,No
C00850,Bogotá,2024-05-09,Premium,No
C00851,Bucaramanga,2023-06-20,Nuevo,Sí
C00852,Bogotá,2023-01-22,Nuevo,No
C00853,Bogotá,2024-01-29,Nuevo,No
C00854,Bogotá,2023-06-24,Premium,No
C00855,Bucaramanga,2023-06-05,Nuevo,Sí
C00856,Bogotá,2023-10-21,Regular,No
C00857,Medellín,2024-06-10,Regular,No
C00858,Bucaramanga,2024-05-25,Regular,No
C00859,Bucaramanga,2024-03-14,Regular,No
C00860,Bogotá,2023-06-12,Regular,No
C00861,Medellín,2024-07-20,Regular,No
C00862,MEDELLÍN,2024-05-08,Nuevo,Sí
C00863,Cali,2023-01-23,Nuevo,No
C00864,Bogotá,2023-05-27,Regular,No
C00865,Bogotá,2023-03-14,Nuevo,Sí
C00866,Bogotá,2023-07-01,Nuevo,No
C00867,Bogotá,2024-02-11,Premium,Sí
C00868,Medellín,2023-11-29,Nuevo,No
C00869,Bogotá,2023-03-29,Nuevo,No
C00870,Bogotá,2024-01-28,Regular,No
C00871,Bogotá,2023-12-23,Regular,No
C00872,Bogotá,2024-06-12,Nuevo,Sí
C00873,Bogotá,2023-07-06,Nuevo,Sí
C00874,Bucaramanga,2024-06-11,Regular,No
C00875,Medellín,2024-01-30,Nuevo,Sí
C00876,Bogotá,2023-05-31,Premium,Sí
C00877,Cali,2023-07-13,Regular,Sí
C00878,BOGOTÁ,2024-03-23,Regular,No
C00879,Bogotá,2024-02-20,Premium,No
C00880,Bucaramanga,2024-01-16,Nuevo,No
C00881,Barranquilla,2023-08-30,Nuevo,No
C00882,Medellín,2023-08-20,Premium,No
C00883,Bogotá,2023-12-02,Regular,No
C00884,Bogotá,2024-04-10,Nuevo,No
C00885,Bogotá,2023-06-01,Regular,Sí
C00886,Bogotá,2024-06-22,Regular,No
C00887,BOGOTÁ,2023-04-30,Regular,No
C00888,Bogotá,2023-10-15,Nuevo,No
C00889,Medellín,2023-07-05,Nuevo,No
C00890,Bogotá,2024-07-03,Regular,No
C00891,Bogotá,2023-04-16,Nuevo,Sí
C00892,Barranquilla,2023-03-18,Nuevo,Sí
C00893,Bogotá,2024-02-15,Regular,No
C00894,Bogotá,2023-04-10,Regular,No
C00895,Bogotá,2024-08-16,Nuevo,Sí
C00896,Cali,2024-04-03,Premium,Sí
C00897,Cali,2024-06-13,Nuevo,Sí
C00898,Medellín,2023-07-03,Premium,Sí
C00899,Medellín,2024-03-23,Regular,Sí
C00900,Bogotá,2023-12-18,Regular,Sí
C00901,BOGOTÁ,2023-09-12,Regular,Sí
C00902,Medellín,2023-10-26,Regular,Sí
C00903,Bucaramanga,2023-01-11,Nuevo,Sí
C00904,Barranquilla,2023-03-29,Nuevo,Sí
C00905,Medellín,2023-03-16,Premium,Sí
C00906,Medellín,2024-03-28,Nuevo,No
C00907,Bogotá,2023-06-11,Nuevo,No
C00908,Barranquilla,2024-03-20,Regular,No
C00909,Bogotá,2024-03-02,Nuevo,No
C00910,Bogotá,2023-03-29,Nuevo,Sí
C00911,Cali,2023-07-15,Premium,Sí
C00912,Barranquilla,2023-06-05,Nuevo,No
C00913,Cali,2023-03-10,Nuevo,No
C00914,Medellín,2024-04-25,Premium,No
C00915,Bogotá,2023-08-12,Nuevo,No
C00916,Bogotá,2024-07-01,Nuevo,No
C00917,BARRANQUILLA,2024-05-21,Premium,No
C00918,Bucaramanga,2024-06-06,Nuevo,Sí
C00919,Bogotá,2024-03-20,Premium,Sí
C00920,Barranquilla,2023-10-29,Regular,Sí
C00921,Medellín,2023-09-13,Regular,No
C00922,Bogotá,2023-08-09,Nuevo,No
C00923,Medellín,2024-01-12,Nuevo,Sí
C00924,Bogotá,2023-09-25,Regular,Sí
C00925,Medellín,2024-05-30,Regular,No
C00926,Bogotá,2023-04-16,Nuevo,Sí
C00927,CALI,2023-08-08,Nuevo,Sí
C00928,Medellín,2023-10-25,Nuevo,No
C00929,BARRANQUILLA,2023-06-18,Nuevo,No
C00930,Barranquilla,2023-05-19,Regular,No
C00931,Bogotá,2023-12-03,Regular,No
C00932,Bogotá,2023-04-08,Regular,No
C00933,Bucaramanga,2024-04-14,Nuevo,No
C00934,MEDELLÍN,2023-08-17,Nuevo,Sí
C00935,Bogotá,2024-03-26,Nuevo,Sí
C00936,,2023-02-08,Nuevo,No
C00937,Bucaramanga,2024-04-17,Nuevo,No
C00938,Medellín,2023-10-10,Premium,Sí
C00939,Bogotá,2024-05-25,Nuevo,No
C00940,Medellín,2024-02-22,Nuevo,No
C00941,Medellín,2024-04-27,Regular,Sí
C00942,Medellín,2024-01-26,Premium,No
C00943,Bucaramanga,2023-03-07,Regular,No
C00944,Bucaramanga,2024-08-08,Regular,Sí
C00945,Bogotá,2023-08-24,Nuevo,No
C00946,Bogotá,2024-06-15,Regular,Sí
C00947,Medellín,2023-11-02,Nuevo,No
C00948,Barranquilla,2024-01-16,Regular,Sí
C00949,Medellín,2023-04-20,Regular,No
C00950,Cali,2024-06-22,Regular,Sí
C00951,,2024-04-19,Premium,Sí
C00952,Bogotá,2023-09-24,Regular,Sí
C00953,Barranquilla,2023-09-09,Regular,No
C00954,Bogotá,2024-04-24,Nuevo,No
C00955,Cali,2023-04-10,Nuevo,Sí
C00956,Bogotá,2023-06-20,Nuevo,No
C00957,Medellín,2023-03-26,Premium,No
C00958,Bucaramanga,2023-11-13,Regular,No
C00959,Medellín,2023-08-12,Premium,Sí
C00960,Bogotá,2024-08-10,Regular,No
C00961,Medellín,2024-06-20,Regular,Sí
C00962,Cali,2023-12-26,Regular,No
C00963,Bogotá,2024-04-04,Regular,Sí
C00964,Bogotá,2023-11-01,Nuevo,No
C00965,Bogotá,2023-09-13,Regular,No
C00966,Medellín,2024-04-17,Nuevo,No
C00967,Bogotá,2023-08-05,Premium,No
C00968,Medellín,2023-07-07,Premium,No
C00969,Bogotá,2023-03-26,Nuevo,Sí
C00970,Cali,2024-05-13,Regular,Sí
C00971,Bogotá,2024-04-20,Regular,No
C00972,Barranquilla,2023-01-12,Nuevo,Sí
C00973,Bucaramanga,2024-05-20,Regular,No
C00974,Medellín,2023-05-23,Regular,Sí
C00975,Medellín,2024-06-16,Regular,No
C00976,Barranquilla,2023-04-17,Premium,No
C00977,Bogotá,2023-04-06,Regular,No
C00978,Barranquilla,2023-06-04,Nuevo,Sí
C00979,Bogotá,2024-07-14,Regular,Sí
C00980,Cali,2024-07-21,Regular,Sí
C00981,BOGOTÁ,2024-02-01,Nuevo,Sí
C00982,Medellín,2023-01-15,Nuevo,Sí
C00983,Bucaramanga,2024-01-06,Nuevo,Sí
C00984,Bogotá,2023-06-29,Nuevo,No
C00985,Barranquilla,2024-03-14,Nuevo,Sí
C00986,Medellín,2023-12-11,Regular,No
C00987,Bogotá,2024-06-09,Premium,Sí
C00988,Bogotá,2024-02-26,Regular,Sí
C00989,Bogotá,2023-07-08,Regular,No
C00990,Bogotá,2024-04-09,Regular,Sí
C00991,Medellín,2023-05-25,Regular,Sí
C00992,Bogotá,2023-08-18,Regular,No
C00993,Cali,2023-05-22,Nuevo,Sí
C00994,Bucaramanga,2023-05-13,Premium,Sí
C00995,Bucaramanga,2023-08-30,Nuevo,No
C00996,Barranquilla,2024-05-26,Nuevo,Sí
C00997,Barranquilla,2023-09-24,Regular,No
C00998,Bogotá,2023-03-15,Regular,Sí
C00999,Bucaramanga,2024-03-26,Regular,No
C01000,Bogotá,2023-02-09,Nuevo,Sí
C01001,Barranquilla,2023-12-04,Premium,Sí
C01002,Barranquilla,2023-05-19,Regular,No
C01003,Medellín,2024-06-26,Regular,No
C01004,Medellín,2023-10-23,Regular,Sí
C01005,Bogotá,2023-09-06,Nuevo,No
C01006,,2024-07-19,Nuevo,Sí
C01007,Bogotá,2023-10-02,Regular,Sí
C01008,Bogotá,2024-03-13,Regular,Sí
C01009,Bogotá,2023-09-19,Regular,No
C01010,Barranquilla,2023-12-05,Nuevo,No
C01011,Bucaramanga,2023-10-26,Nuevo,No
C01012,Bogotá,2023-11-09,Regular,No
C01013,Bogotá,2023-09-19,Nuevo,No
C01014,Bogotá,2024-02-21,Premium,Sí
C01015,Bogotá,2023-10-13,Nuevo,Sí
C01016,Bogotá,2024-01-11,Premium,No
C01017,Medellín,2024-03-11,Premium,No
C01018,Medellín,2023-07-21,Nuevo,No
C01019,Medellín,2023-04-13,Regular,No
C01020,Bogotá,2023-02-25,Regular,No
C01021,Cali,2023-12-26,Regular,No
C01022,BOGOTÁ,2023-05-01,Regular,No
C01023,,2023-08-03,Regular,No
C01024,Medellín,2024-04-14,Nuevo,Sí
C01025,Barranquilla,2023-10-04,Premium,No
C01026,Bogotá,2024-01-16,Nuevo,No
C01027,Cali,2023-03-30,Nuevo,No
C01028,BOGOTÁ,2024-04-23,Regular,Sí
C01029,Barranquilla,2023-12-23,Nuevo,No
C01030,Bogotá,2023-01-27,Regular,Sí
C01031,Medellín,2023-10-09,Regular,No
C01032,Barranquilla,2024-06-24,Regular,No
C01033,Cali,2023-10-11,Premium,Sí
C01034,Bogotá,2023-08-18,Premium,No
C01035,Bogotá,2023-01-17,Nuevo,No
C01036,Bucaramanga,2024-07-09,Nuevo,No
C01037,Bogotá,2023-05-15,Regular,Sí
C01038,Bogotá,2023-12-23,Nuevo,Sí
C01039,Bucaramanga,2023-09-13,Regular,Sí
C01040,Bogotá,2023-11-25,Regular,No
C01041,,2023-03-14,Nuevo,No
C01042,Bogotá,2024-05-05,Regular,No
C01043,BOGOTÁ,2023-04-08,Regular,No
C01044,Medellín,2024-01-11,Nuevo,Sí
C01045,Medellín,2023-06-03,Nuevo,Sí
C01046,Bogotá,2024-02-09,Regular,No
C01047,Bogotá,2023-02-26,Nuevo,No
C01048,Barranquilla,2023-04-05,Regular,Sí
C01049,Barranquilla,2024-06-25,Regular,No
C01050,Medellín,2023-12-29,Nuevo,Sí
C01051,BOGOTÁ,2024-05-02,Regular,No
C01052,Medellín,2023-08-02,Regular,Sí
C01053,Medellín,2024-04-02,Nuevo,No
C01054,Medellín,2023-02-15,Regular,No
C01055,Barranquilla,2024-03-06,Regular,Sí
C01056,Bogotá,2023-03-21,Premium,No
C01057,Medellín,2024-01-22,Nuevo,No
C01058,Bogotá,2023-10-15,Regular,No
C01059,Medellín,2024-01-15,Premium,No
C01060,Cali,2023-06-07,Regular,No
C01061,Cali,2023-03-05,Regular,No
C01062,Bogotá,2024-04-04,Nuevo,No
C01063,Bucaramanga,2023-10-04,Nuevo,No
C01064,Cali,2023-03-15,Nuevo,No
C01065,Medellín,2023-09-09,Premium,No
C01066,Medellín,2023-01-09,Regular,Sí
C01067,Cali,2024-06-11,Nuevo,No
C01068,Bogotá,2024-08-21,Nuevo,No
C01069,Medellín,2023-08-29,Regular,No
C01070,Cali,2023-07-07,Nuevo,No
C01071,Medellín,2024-01-13,Regular,No
C01072,Barranquilla,2023-11-02,Regular,No
C01073,Medellín,2024-03-30,Nuevo,No
C01074,Medellín,2023-05-07,Nuevo,No
C01075,Bogotá,2023-08-16,Nuevo,No
C01076,Barranquilla,2023-05-06,Nuevo,No
C01077,Bogotá,2024-07-23,Regular,No
C01078,Cali,2023-08-30,Nuevo,No
C01079,Medellín,2024-01-20,Regular,Sí
C01080,Bucaramanga,2024-04-18,Nuevo,Sí
C01081,Bucaramanga,2024-01-07,Regular,Sí
C01082,Bogotá,2023-01-24,Regular,No
C01083,Bucaramanga,2024-08-15,Nuevo,No
C01084,Medellín,2024-05-17,Regular,No
C01085,Bogotá,2023-07-04,Premium,Sí
C01086,Medellín,2024-08-17,Regular,Sí
C01087,Bogotá,2024-06-18,Regular,No
C01088,Medellín,2023-12-02,Nuevo,No
C01089,Bogotá,2023-09-17,Nuevo,Sí
C01090,Bogotá,2023-08-05,Regular,No
C01091,Bogotá,2023-06-03,Regular,Sí
C01092,Medellín,2023-05-21,Nuevo,No
C01093,Barranquilla,2023-03-15,Nuevo,Sí
C01094,Bucaramanga,2023-04-20,Nuevo,No
C01095,Bogotá,2024-08-10,Regular,No
C01096,Medellín,2023-07-14,Nuevo,No
C01097,Bogotá,2023-05-09,Premium,Sí
C01098,Bogotá,2024-05-25,Regular,No
C01099,Bucaramanga,2023-12-24,Premium,Sí
C01100,Bogotá,2023-01-02,Regular,No
C01101,Barranquilla,2023-06-01,Regular,No
C01102,Cali,2024-04-16,Premium,No
C01103,Bogotá,2023-06-15,Nuevo,No
C01104,Cali,2024-02-05,Regular,No
C01105,Bogotá,2023-12-15,Nuevo,Sí
C01106,Barranquilla,2023-01-12,Regular,Sí
C01107,Bogotá,2023-03-18,Nuevo,No
C01108,Bogotá,2023-02-11,Regular,No
C01109,Cali,2024-05-08,Nuevo,No
C01110,Medellín,2024-03-17,Regular,No
C01111,Bogotá,2023-03-19,Regular,No
C01112,Medellín,2024-02-08,Premium,Sí
C01113,Bogotá,2023-04-05,Premium,No
C01114,Medellín,2023-07-08,Regular,Sí
C01115,Cali,2024-02-17,Regular,No
C01116,Barranquilla,2024-05-31,Nuevo,No
C01117,Bogotá,2023-06-28,Nuevo,Sí
C01118,Medellín,2023-05-07,Regular,No
C01119,Bucaramanga,2023-01-13,Premium,Sí
C01120,Medellín,2023-09-14,Regular,Sí
C01121,Cali,2023-12-07,Regular,No
C01122,Bogotá,2023-03-11,Regular,No
C01123,Barranquilla,2024-02-02,Regular,Sí
C01124,MEDELLÍN,2024-01-23,Regular,No
C01125,Barranquilla,2023-04-05,Nuevo,Sí
C01126,Cali,2023-02-22,Premium,Sí
C01127,Barranquilla,2023-04-28,Nuevo,Sí
C01128,Bogotá,2023-04-18,Premium,No
C01129,Cali,2023-04-18,Regular,Sí
C01130,Bogotá,2024-04-04,Regular,Sí
C01131,,2023-05-16,Regular,Sí
C01132,Bogotá,2023-10-28,Premium,Sí
C01133,MEDELLÍN,2024-04-09,Premium,No
C01134,Medellín,2024-02-02,Regular,No
C01135,Bucaramanga,2023-09-10,Nuevo,No
C01136,Bogotá,2024-03-16,Regular,No
C01137,Bogotá,2023-01-12,Premium,Sí
C01138,Bogotá,2023-12-30,Regular,Sí
C01139,Barranquilla,2023-07-29,Nuevo,Sí
C01140,Medellín,2023-04-29,Nuevo,No
C01141,Medellín,2023-04-17,Regular,No
C01142,Cali,2024-02-24,Regular,Sí
C01143,Cali,2024-07-31,Premium,Sí
C01144,Bogotá,2023-03-11,Nuevo,No
C01145,Bogotá,2023-07-01,Regular,No
C01146,Medellín,2023-06-11,Regular,No
C01147,Barranquilla,2023-10-22,Nuevo,No
C01148,Medellín,2023-09-26,Nuevo,Sí
C01149,Bogotá,2024-02-09,Regular,No
C01150,Medellín,2023-03-10,Regular,Sí
C01151,Bogotá,2023-10-31,Premium,No
C01152,Medellín,2023-03-05,Nuevo,Sí
C01153,Medellín,2024-04-26,Premium,No
C01154,Bucaramanga,2024-01-27,Nuevo,Sí
C01155,Bogotá,2024-06-12,Regular,No
C01156,Medellín,2024-03-21,Regular,No
C01157,Medellín,2024-02-15,Nuevo,No
C01158,Barranquilla,2023-08-11,Premium,Sí
C01159,Cali,2024-05-21,Premium,Sí
C01160,Medellín,2023-08-22,Premium,Sí
C01161,Barranquilla,2023-05-27,Nuevo,No
C01162,Medellín,2023-05-05,Regular,No
C01163,Bucaramanga,2023-11-05,Regular,Sí
C01164,Bogotá,2023-11-09,Premium,Sí
C01165,Bogotá,2023-06-01,Nuevo,Sí
C01166,Barranquilla,2023-12-15,Nuevo,No
C01167,Bogotá,2023-05-04,Regular,Sí
C01168,Barranquilla,2024-07-14,Nuevo,Sí
C01169,Medellín,2023-01-20,Nuevo,No
C01170,Medellín,2023-01-25,Nuevo,No
C01171,Bogotá,2023-07-16,Regular,No
C01172,Cali,2024-06-29,Regular,Sí
C01173,Bogotá,2023-05-07,Regular,No
C01174,Bucaramanga,2024-08-17,Regular,No
C01175,Barranquilla,2023-07-21,Nuevo,No
C01176,Bogotá,2023-07-27,Premium,No
C01177,Bogotá,2023-03-05,Premium,Sí
C01178,Barranquilla,2024-03-11,Premium,No
C01179,Medellín,2024-06-04,Regular,No
C01180,Bogotá,2024-05-09,Nuevo,No
C01181,Medellín,2023-03-30,Nuevo,No
C01182,Bogotá,2024-01-26,Premium,No
C01183,Medellín,2023-09-27,Regular,No
C01184,Medellín,2023-06-23,Regular,No
C01185,BARRANQUILLA,2024-04-04,Regular,No
C01186,Barranquilla,2024-01-09,Regular,Sí
C01187,Bogotá,2024-06-01,Regular,Sí
C01188,Medellín,2024-06-10,Regular,Sí
C01189,Medellín,2024-05-28,Regular,No
C01190,Bucaramanga,2023-03-06,Regular,No
C01191,Bogotá,2024-01-07,Nuevo,No
C01192,Medellín,2023-10-15,Nuevo,No
C01193,Barranquilla,2023-04-16,Premium,Sí
C01194,Bogotá,2023-01-14,Regular,Sí
C01195,Bogotá,2023-05-03,Regular,Sí
C01196,Medellín,2024-05-21,Nuevo,No
C01197,Bogotá,2024-02-15,Nuevo,No
C01198,Bucaramanga,2024-04-12,Premium,No
C01199,Bogotá,2024-06-24,Premium,No
C01200,Bogotá,2023-01-28,Nuevo,Sí
C01201,Bogotá,2023-09-02,Regular,No
C01202,Cali,2024-03-23,Nuevo,No
C01203,Bogotá,2024-03-17,Nuevo,No
C01204,Barranquilla,2024-02-19,Regular,Sí
C01205,Barranquilla,2023-03-25,Nuevo,No
C01206,Bucaramanga,2023-03-17,Regular,No
C01207,Bogotá,2023-09-15,Premium,No
C01208,Bogotá,2023-11-12,Nuevo,Sí
C01209,Bogotá,2023-07-10,Regular,No
C01210,Bucaramanga,2024-02-18,Nuevo,Sí
C01211,Cali,2023-05-14,Nuevo,Sí
C01212,Bogotá,2023-07-21,Nuevo,Sí
C01213,Cali,2023-03-02,Regular,No
C01214,Barranquilla,2023-10-30,Premium,No
C01215,Bucaramanga,2024-03-21,Regular,No
C01216,Cali,2024-08-08,Nuevo,No
C01217,Barranquilla,2023-05-25,Nuevo,Sí
C01218,Barranquilla,2024-01-17,Premium,No
C01219,Bogotá,2023-01-31,Regular,No
C01220,BOGOTÁ,2023-10-29,Regular,Sí
C01221,Cali,2024-06-14,Nuevo,No
C01222,Bogotá,2023-02-09,Regular,No
C01223,Bogotá,2023-08-18,Regular,Sí
C01224,Bucaramanga,2023-03-14,Regular,No
C01225,Medellín,2023-11-15,Nuevo,Sí
C01226,Medellín,2024-05-25,Regular,Sí
C01227,Bucaramanga,2023-10-08,Nuevo,No
C01228,Bogotá,2024-03-21,Nuevo,No
C01229,Bucaramanga,2023-07-02,Regular,Sí
C01230,Barranquilla,2024-05-16,Regular,No
C01231,Bogotá,2023-05-22,Nuevo,No
C01232,Bogotá,2023-12-13,Nuevo,No
C01233,BOGOTÁ,2023-08-02,Nuevo,No
C01234,,2023-12-12,Regular,No
C01235,Bogotá,2023-06-12,Regular,Sí
C01236,Bogotá,2023-11-15,Nuevo,No
C01237,Barranquilla,2023-06-11,Regular,No
C01238,Medellín,2024-03-17,Regular,No
C01239,Cali,2023-05-17,Nuevo,No
C01240,Cali,2023-07-18,Regular,No
C01241,Bogotá,2023-01-10,Nuevo,Sí
C01242,Bogotá,2023-10-26,Nuevo,Sí
C01243,Medellín,2023-01-02,Premium,Sí
C01244,Bogotá,2023-10-09,Nuevo,No
C01245,Medellín,2024-05-29,Nuevo,No
C01246,Cali,2024-02-01,Regular,No
C01247,Cali,2023-11-11,Regular,No
C01248,Medellín,2023-05-10,Nuevo,Sí
C01249,Bogotá,2024-06-06,Premium,No
C01250,Bogotá,2023-01-16,Nuevo,No
C01251,Barranquilla,2023-04-27,Regular,No
C01252,Bogotá,2023-02-23,Premium,No
C01253,Medellín,2023-08-02,Premium,No
C01254,Bogotá,2023-04-18,Premium,Sí
C01255,BUCARAMANGA,2023-04-02,Regular,No
C01256,Bogotá,2024-05-29,Regular,Sí
C01257,Medellín,2023-11-22,Regular,No
C01258,Medellín,2024-03-06,Nuevo,Sí
C01259,Cali,2023-11-13,Premium,No
C01260,Bucaramanga,2024-03-25,Nuevo,No
C01261,Cali,2024-03-30,Regular,No
C01262,Bogotá,2023-09-24,Nuevo,No
C01263,Bogotá,2024-05-20,Nuevo,No
C01264,Cali,2023-03-03,Nuevo,No
C01265,Bucaramanga,2024-07-18,Premium,Sí
C01266,Bogotá,2023-10-07,Nuevo,No
C01267,Cali,2023-04-04,Premium,No
C01268,Bogotá,2024-06-01,Nuevo,No
C01269,Medellín,2024-02-06,Nuevo,No
C01270,Medellín,2023-11-02,Nuevo,Sí
C01271,Medellín,2023-06-12,Premium,No
C01272,Bucaramanga,2024-01-15,Nuevo,No
C01273,Cali,2024-04-26,Premium,No
C01274,Bogotá,2023-08-13,Nuevo,No
C01275,Cali,2023-04-01,Premium,No
C01276,Medellín,2023-04-01,Regular,No
C01277,Medellín,2024-04-20,Nuevo,No
C01278,Bogotá,2024-01-11,Regular,No
C01279,Medellín,2023-06-01,Nuevo,No
C01280,Bogotá,2023-10-18,Regular,Sí
C01281,Bogotá,2023-04-11,Nuevo,Sí
C01282,Bogotá,2023-07-27,Regular,No
C01283,Medellín,2024-04-28,Regular,No
C01284,Bogotá,2023-06-05,Nuevo,No
C01285,Barranquilla,2024-07-31,Nuevo,No
C01286,Barranquilla,2024-02-22,Premium,No
C01287,Bogotá,2023-02-03,Nuevo,No
C01288,Medellín,2023-07-10,Nuevo,Sí
C01289,Barranquilla,2023-07-06,Nuevo,Sí
C01290,Bogotá,2023-12-12,Nuevo,No
C01291,Medellín,2024-08-22,Regular,No
C01292,Medellín,2023-06-05,Regular,Sí
C01293,Cali,2023-04-17,Nuevo,No
C01294,BUCARAMANGA,2024-03-28,Nuevo,Sí
C01295,BOGOTÁ,2024-01-10,Regular,No
C01296,Bucaramanga,2023-08-13,Nuevo,No
C01297,,2024-02-23,Nuevo,Sí
C01298,Cali,2023-10-15,Regular,No
C01299,Medellín,2024-06-15,Nuevo,No
C01300,Barranquilla,2024-07-10,Regular,No
C01301,Bogotá,2023-07-07,Nuevo,No
C01302,Cali,2024-03-07,Nuevo,Sí
C01303,Bogotá,2023-10-30,Regular,No
C01304,Medellín,2024-03-17,Nuevo,No
C01305,Cali,2023-08-09,Regular,Sí
C01306,Bogotá,2023-07-23,Nuevo,No
C01307,Bogotá,2023-01-12,Regular,Sí
C01308,Cali,2024-05-19,Regular,Sí
C01309,Barranquilla,2023-11-07,Regular,Sí
C01310,Cali,2023-08-20,Nuevo,Sí
C01311,Bogotá,2023-11-19,Regular,No
C01312,Cali,2024-08-15,Premium,Sí
C01313,,2024-05-13,Nuevo,No
C01314,Cali,2024-06-21,Nuevo,No
C01315,Medellín,2023-08-14,Regular,No
C01316,Medellín,2024-01-31,Nuevo,No
C01317,Medellín,2023-11-10,Nuevo,No
C01318,Bogotá,2024-05-13,Nuevo,No
C01319,Cali,2024-03-14,Regular,Sí
C01320,Medellín,2023-11-23,Premium,No
C01321,Cali,2023-10-16,Premium,Sí
C01322,Bogotá,2024-03-15,Regular,No
C01323,Bogotá,2023-10-28,Regular,No
C01324,Medellín,2023-03-16,Premium,Sí
C01325,Medellín,2023-02-01,Regular,No
C01326,Bucaramanga,2024-08-16,Premium,No
C01327,Barranquilla,2023-06-05,Regular,No
C01328,Bogotá,2024-04-25,Regular,Sí
C01329,Cali,2023-03-10,Regular,No
C01330,Bogotá,2023-03-27,Nuevo,No
C01331,Cali,2023-01-18,Nuevo,No
C01332,Bogotá,2023-05-26,Nuevo,Sí
C01333,Bogotá,2024-08-10,Premium,No
C01334,Medellín,2023-12-11,Premium,No
C01335,Medellín,2023-01-06,Regular,No
C01336,Cali,2024-04-02,Nuevo,No
C01337,Medellín,2024-07-14,Nuevo,No
C01338,Cali,2023-03-31,Regular,No
C01339,BOGOTÁ,2023-11-27,Nuevo,Sí
C01340,Cali,2024-07-30,Nuevo,No
C01341,Bogotá,2023-07-18,Nuevo,Sí
C01342,Medellín,2023-07-27,Regular,Sí
C01343,MEDELLÍN,2024-01-07,Regular,Sí
C01344,Medellín,2024-08-19,Nuevo,Sí
C01345,Bogotá,2024-07-10,Nuevo,No
C01346,Medellín,2024-03-27,Nuevo,No
C01347,Bogotá,2023-06-19,Regular,No
C01348,Bogotá,2023-10-19,Regular,No
C01349,Bogotá,2023-04-14,Regular,No
C01350,Cali,2023-08-06,Premium,No
C01351,Barranquilla,2024-07-28,Nuevo,No
C01352,Bogotá,2023-02-27,Nuevo,No
C01353,Bogotá,2023-03-18,Regular,Sí
C01354,Medellín,2023-02-22,Regular,No
C01355,Bogotá,2023-04-30,Premium,Sí
C01356,Barranquilla,2024-01-13,Nuevo,Sí
C01357,Bogotá,2023-08-13,Nuevo,No
C01358,Bogotá,2024-04-09,Regular,Sí
C01359,Medellín,2023-12-25,Premium,Sí
C01360,Bogotá,2024-06-28,Regular,No
C01361,Bogotá,2023-07-12,Regular,Sí
C01362,Bogotá,2023-08-07,Nuevo,No
C01363,Cali,2023-01-22,Premium,No
C01364,Bucaramanga,2024-07-16,Nuevo,Sí
C01365,Bogotá,2024-05-15,Regular,No
C01366,Cali,2023-06-28,Regular,No
C01367,Bogotá,2023-05-20,Regular,Sí
C01368,Medellín,2024-07-17,Regular,No
C01369,Medellín,2023-11-05,Nuevo,No
C01370,Bogotá,2024-07-05,Nuevo,Sí
C01371,Barranquilla,2023-07-09,Premium,No
C01372,Cali,2023-04-03,Regular,No
C01373,Bogotá,2023-12-19,Nuevo,Sí
C01374,Bogotá,2024-05-31,Nuevo,Sí
C01375,Barranquilla,2023-03-05,Regular,Sí
C01376,Bucaramanga,2024-02-27,Regular,Sí
C01377,MEDELLÍN,2023-01-22,Regular,Sí
C01378,BARRANQUILLA,2024-02-26,Nuevo,Sí
C01379,Bucaramanga,2024-06-11,Regular,Sí
C01380,Cali,2024-05-19,Premium,No
C01381,Medellín,2024-01-01,Regular,Sí
C01382,Bogotá,2023-11-18,Regular,Sí
C01383,Bogotá,2023-03-20,Premium,Sí
C01384,Medellín,2023-11-01,Regular,Sí
C01385,Bucaramanga,2024-07-11,Regular,Sí
C01386,Bogotá,2023-08-09,Nuevo,No
C01387,Bogotá,2023-06-17,Regular,No
C01388,Bogotá,2024-06-03,Regular,No
C01389,Cali,2023-11-17,Premium,No
C01390,Medellín,2024-06-24,Nuevo,No
C01391,Cali,2023-01-26,Nuevo,No
C01392,Bogotá,2023-04-07,Regular,No
C01393,Cali,2024-02-10,Regular,No
C01394,Cali,2024-04-08,Nuevo,No
C01395,MEDELLÍN,2024-08-07,Regular,No
C01396,Bogotá,2023-06-15,Nuevo,No
C01397,Medellín,2023-06-05,Premium,No
C01398,Cali,2023-04-21,Nuevo,No
C01399,Bogotá,2024-03-22,Nuevo,Sí
C01400,BOGOTÁ,2023-04-29,Regular,No
C01401,Medellín,2024-06-24,Nuevo,Sí
C01402,Bogotá,2023-12-10,Regular,No
C01403,Barranquilla,2024-02-09,Nuevo,No
C01404,Barranquilla,2023-06-17,Nuevo,No
C01405,Bucaramanga,2024-03-12,Nuevo,Sí
C01406,Barranquilla,2023-05-26,Nuevo,No
C01407,Medellín,2023-04-15,Regular,Sí
C01408,Bogotá,2023-03-01,Nuevo,Sí
C01409,Barranquilla,2023-04-02,Regular,Sí
C01410,Cali,2023-07-14,Premium,No
C01411,Cali,2023-03-04,Regular,Sí
C01412,Cali,2024-04-09,Nuevo,No
C01413,Barranquilla,2023-07-30,Premium,Sí
C01414,Bogotá,2023-01-13,Nuevo,Sí
C01415,Cali,2024-06-20,Nuevo,Sí
C01416,Medellín,2023-10-17,Regular,Sí
C01417,Bogotá,2024-01-27,Regular,No
C01418,Bogotá,2023-12-28,Nuevo,No
C01419,Bogotá,2024-04-22,Regular,No
C01420,Medellín,2023-01-30,Regular,Sí
C01421,Bogotá,2023-08-03,Regular,No
C01422,Medellín,2023-06-26,Nuevo,Sí
C01423,,2023-12-09,Regular,Sí
C01424,Cali,2024-06-27,Nuevo,No
C01425,Cali,2023-01-07,Nuevo,Sí
C01426,Bucaramanga,2024-08-19,Regular,Sí
C01427,Bogotá,2023-10-12,Regular,No
C01428,Medellín,2024-05-25,Regular,No
C01429,Bogotá,2024-07-25,Regular,No
C01430,Bogotá,2023-04-12,Regular,No
C01431,Bucaramanga,2023-05-18,Regular,Sí
C01432,Bogotá,2024-04-03,Nuevo,No
C01433,CALI,2023-09-09,Premium,Sí
C01434,Barranquilla,2023-09-28,Nuevo,Sí
C01435,,2023-07-06,Regular,Sí
C01436,Cali,2023-04-13,Regular,No
C01437,Medellín,2024-05-19,Nuevo,Sí
C01438,Bogotá,2023-10-16,Regular,Sí
C01439,Medellín,2023-01-06,Regular,No
C01440,Bogotá,2024-07-07,Premium,No
C01441,Bogotá,2023-03-14,Premium,No
C01442,Bogotá,2024-06-10,Nuevo,Sí
C01443,Bucaramanga,2024-02-29,Regular,No
C01444,Bogotá,2023-08-23,Regular,No
C01445,Bogotá,2023-08-25,Nuevo,No
C01446,Bucaramanga,2023-02-08,Regular,Sí
C01447,Bogotá,2023-08-25,Premium,Sí
C01448,Bucaramanga,2024-06-24,Nuevo,No
C01449,Barranquilla,2024-06-12,Nuevo,Sí
C01450,Medellín,2024-08-14,Nuevo,No
C01451,Medellín,2024-02-05,Nuevo,No
C01452,Bogotá,2023-11-03,Nuevo,No
C01453,Bogotá,2024-04-28,Regular,No
C01454,Bogotá,2023-05-16,Regular,No
C01455,Bogotá,2024-06-24,Regular,Sí
C01456,Medellín,2023-11-23,Regular,Sí
C01457,Bucaramanga,2023-09-27,Nuevo,No
C01458,Medellín,2024-02-22,Nuevo,Sí
C01459,Bucaramanga,2023-12-19,Premium,Sí
C01460,Cali,2023-10-17,Nuevo,No
C01461,Bogotá,2024-06-24,Premium,No
C01462,Medellín,2023-07-31,Nuevo,No
C01463,Bogotá,2024-05-22,Regular,No
C01464,Bogotá,2023-05-29,Regular,No
C01465,Bucaramanga,2023-09-03,Nuevo,No
C01466,Bogotá,2023-06-28,Nuevo,Sí
C01467,Bogotá,2023-04-21,Regular,No
C01468,Bogotá,2023-01-30,Nuevo,Sí
C01469,Cali,2023-12-07,Nuevo,No
C01470,Medellín,2023-06-03,Nuevo,Sí
C01471,Bogotá,2024-08-20,Nuevo,Sí
C01472,Cali,2024-07-25,Regular,No
C01473,Bogotá,2023-07-13,Nuevo,Sí
C01474,Cali,2023-01-05,Nuevo,No
C01475,Medellín,2024-03-23,Regular,Sí
C01476,Medellín,2024-03-12,Regular,No
C01477,Medellín,2023-08-02,Nuevo,Sí
C01478,Cali,2024-04-18,Premium,No
C01479,Bucaramanga,2023-03-12,Regular,No
C01480,Cali,2023-08-31,Premium,Sí
C01481,Bogotá,2023-05-05,Nuevo,Sí
C01482,Medellín,2023-12-24,Nuevo,Sí
C01483,Bogotá,2023-02-11,Nuevo,Sí
C01484,Bogotá,2023-05-13,Premium,No
C01485,Bogotá,2023-04-06,Regular,No
C01486,Bogotá,2024-02-05,Regular,No
C01487,Bucaramanga,2023-09-04,Regular,No
C01488,Cali,2024-02-29,Nuevo,No
C01489,Barranquilla,2023-03-19,Nuevo,Sí
C01490,Cali,2024-03-16,Nuevo,Sí
C01491,Bogotá,2023-12-13,Regular,No
C01492,Bogotá,2023-10-23,Regular,No
C01493,Medellín,2023-08-19,Nuevo,No
C01494,Bogotá,2024-08-05,Premium,No
C01495,Medellín,2024-01-16,Regular,No
C01496,Cali,2024-06-03,Nuevo,Sí
C01497,Bogotá,2023-06-01,Regular,Sí
C01498,Bogotá,2023-12-10,Nuevo,No
C01499,Medellín,2024-02-22,Regular,No
C01500,Cali,2024-02-14,Regular,No
